{
  //这里是对话，只包括一些最基本的对话，为了快速搭建npc，更多对话我会在进阶视频里讲。
  //如图，Mon表示，周一他会说的对话，Mon2表示，在周一的时候，好感度满两颗心，他会说的对话。以此类推。
  //具体对话编写，我会放在我的进阶视频中。
  "Introduction": "你好@，你的农场看着真不错。",
  "winter_16":"很高兴你还记得我的生日，要一起吃饭吗？$h",
  "Mon": "你看上去很开心，有什么高兴的事吗？",
  "Mon2": "......",
  "Mon4": "......",
  "Mon6": "......",
  "Mon8": "......",
  "Mon10":".",
  "Tue": "......",
  "Tue2": "......",
  "Tue4":"......",
  "Tue6": "......",
  "Tue8": "......",
  "Tue10":"......",
  "Wed": "......",
  "Wed2": "......",
  "Wed4": "......",
  "Wed6": "......",
  "Wed8": "......",
  "Wed10": "上次喂楼下的小猫的时候，不小心被挠了。它好像更喜欢你，下次可以和我一起去吗？",
  "Thu": "经常看看书也不错，比起里面的文字来说，酝酿睡意好像才是对我最大的作用。",
  "Thu2": "......",
  "Thu4": "......",
  "Thu6": "......",
  "Thu8": ".",
  "Thu10": "......",
  "Fri": "",
  "Fri2": "我好困，有什么事吗？",
  "Fri4": "......",
  "Fri6": "......",
  "Fri8": "",
  "Fri10": "......",
  "Sat": "......",
  "Sat2": "......",
  "Sat4": "......",
  "Sat6": "......",
  "Sat8": "明天你有什么计划，要来我家尝尝我做的蛋挞吗？",
  "Sat10": "明天你有什么计划，要不要一起吃个晚饭",
  "Sun": "......",
  "Sun2": "......",
  "Sun4": "......",
  "Sun6": "有时候会有想要收养小猫的想法，但是我好像连自己也照顾不好。",
  "Sun8": "......",
  "Sun10":"",
  "cc_Begin":"啊...这里是有流浪体来过吗？",
  "cc_Bus":"下次一起去看看通往哪里吧。",
  "cc_Minecraft":"好像有流浪体的气味，这个矿车是通往哪里的？",
  "shenxinghui_spouse":"宝贝，我想你，你想我了吗",
  "rain.1":"下雨的时候很适合睡觉，你觉得呢？",
  "rain.2":"@，你怎么没带伞出门？你去哪里，我和你一起。",
  "rain.3":"",
  "danceRejection":"抱歉...我需要多一些练习",
  "divorced":"好吧，我很伤心...无论如何我还是会拯救你。",
  "breakUp":"对不起宝贝...是我做错了什么吗，我以后再也不炸厨房了...",
  "give_flowersA":"我不想再和你只是搭档了，你也这样想吗？",
  "dumped_Girls":"你...我想你需要更多时间来思考一下我们之间的关系。"
}