{
  "Format": "1.28",//这里建议是不要改的，一个和游戏同步的版本号，所以说不动它就行了。
  "Changes": [
    //人物 
    {
      "Action": "EditData",//我没有打注释的地方，一般是引用的固定文件，就像是类似写论文必须要有的原创性声明承诺啊，用户使用条款必须有的“我已悉知”一类固定的文本，实际上也没什么特别的意思，非要自己敲出来也没有什么特殊的必要，当然很想了解原理可以去官网看一看，但是只是想做mod就，不改他复制过来就就可以了。
      "Target": "Data/Characters",
      "Entries": {
        //人物名字，一般就叫你孩子的英文名字，拼音或者什么都可以，但是一定要是英文的，如果你的孩子呢，他是比较大众的名字，类似Jack啊，Mary啊，我建议的是可以用你的Mod缩写加.加他的名字，例如TDB.Mary这样，不然如果其他Mod也有第二个叫Mary的，那么它们会因为重名无法使用。
        "shenxinghui": {
          //这里是人物展示的名字，就是在对话框和关系栏里，他叫什么，这里就可以使用中文了。
          "DisplayName": "沈星回",
          //这里是人物出生的季节，spring是春天，summer是夏天，fall是秋天，winter是冬天。
          "BirthSeason": "winter",
          //这里是人物出生的日期，1-28号，填写数字。
          "BirthDay": 16
          //这是类似人物归属地，比如夏威夷的汤会不会加他的好感，一般情况写Town就可以，没必要改。
          "HomeRegion": "Town",
          //这里是语言，就是判断是否和矮人一样，必须获得语言卷轴才可以正常对话。Default是不需要卷轴，即正常的可以对话。Dwarvish是需要矮人卷轴后才可以对话。
          "Language": "Default",
          //这里是性别，Male表示男，Female表示女，如果是无性别或者什么就写Undefined，不影响结婚。
          "Gender": "Male",
          //这里是年龄。Child代表孩子,Teen代表青少年, Adult代表成年人。
          "Age": "Adult",
          //性格，会影响部分的系统对话。（事实上我看了文档也没看出有什么大影响 ，写哪个影响都不会太大。Neutral（普通的）, Polite（礼貌的）, 或者 Rude（粗鲁的）
          "Manner": "Polite",
          //社交性格，会影响部分的系统对话。（事实上我看了文档也没看出有什么大影响 ，写哪个影响都不会太大。Neutral（普通的）, Outgoing（外向的）, 或者 Shy（内向的）
          "SocialAnxiety": "Neutral",
          //乐观程度，会影响部分的系统对话。（事实上我看了文档也没看出有什么大影响 ，写哪个影响都不会太大。Neutral（普通的）, Negative（消极的）, 或者 Positive（积极的）
          "Optimism": "Positive",
          //是否是黑色皮肤，决定和他结婚会不会生下黑皮肤小孩。true(是)，false（不是）。
          "IsDarkSkinned": false,
          //是否可结婚。true(是)，false（不是）。
          "CanBeRomanced": true,
          //没什么用，就是他官配（官推）是谁，想写可以写上名字。
          "LoveInterest": "",
          //关于这个NPC的生日是否显示在日历上，怎么显示。HiddenAlways表示其生日不在日历上展示，HiddenUntilMet表示在你遇到他之前，他不显示在日历上。AlwaysShown表示正常显示在日历上。
          "Calendar": "AlwaysShown",
          //关于这个NPC在社交面板（好感度几心的那个面板）的显示。HiddenAlways表示其不在社交面板上显示，HiddenUntilMet表示在你遇到他之前，他不显示在社交面板上。UnknownUntilMet在你遇到他之前，他的名字显示为？？？。AlwaysShown表示正常显示在社交面板上。
          "SocialTab": "UnknownUntilMet",
          //这些在进阶视频讲，可以先不动它。
          "SocializeConditions": null,
          "CanVisitIslandCondition": null,
          "ExcludeFromIntroductionsQuest": false,
          "ExcludeFromPerfectionScore": false,
          "EndSlideShow": 1,
          "FriendsAndFamily": {},
          "UnlockConditions": null,
          "SpawnIfMissing": true,
          //出生点。就是这个npc最初出现的位置。坐标需要你通过tiled或者实时显示坐标mod来看。
          "Home": [
            {
              "Id": "Default",
              //地点名称
              "Location": "Town",
              "Tile": {
                "X": 22,//X坐标
                "Y": 22//Y坐标
              },
              "Direction": "down"//这个角色的面朝向，up是向上，down是向下，left是向左，right是向右
            }
          ],
          //这些部分，放在进阶视频讲。
          "TextureName": null,
          "Size": {
            "X": 16,
            "Y": 32
          },
          "Breather": true,
          "HiddenProfileEmoteSound": null,
          "HiddenProfileEmoteDuration": -1,
          "HiddenProfileEmoteStartFrame": 16,
          "HiddenProfileEmoteFrameCount": 4,
          "HiddenProfileEmoteFrameDuration": 200.0,
          "FestivalVanillaActorIndex": 0,
          "CustomFields": {}
        }
      }
    },
    {
      "LogName": "NPC Gift Tastes",
      "Action": "EditData",
      "Target": "Data/NPCGiftTastes",
      "Entries": {
        "shenxinghui": "哇...这是你特地为我准备的吗？！我很喜欢！/-12 -2 80 210 220 236 234 243 260 334 335 336 337 348 346 395 608 614 560/好可爱的礼物，摆在玄关应该还不错！/749 -12/...我好像有点不会用这个，你可以教教我吗？/-81/...这里有你想要消灭的人吗？/16 20 84 188 264 272 399 412/我觉得你好像比我更需要它。/-15/"
      }
    },
    //NPC头像路径,把所有的Adward改成你的角色的名字，其他不要动。
    {
      "LogName": "NPC Portraits",
      "Action": "Load",
      "Target": "Portraits/shenxinghui",
      "FromFile": "assets/Portraits/Portraits.png"
    },
    //NPC行走图路径  
    {
      "LogName": "NPC Sprites",
      "Action": "Load",
      "Target": "Characters/shenxinghui",
      "FromFile": "assets/Sprites/Sprites.png"
    },
    //NPC对话路径 
    {
      "LogName": "NPC Dialogue",
      "Action": "Load",
      "Target": "Characters/Dialogue/shenxinghui",
      "FromFile": "assets/Dialogue/Dialogue.json"
    },
    //NPC行程路径
    {
      "LogName": "NPC Schedules",
      "Action": "Load",
      "Target": "Characters/schedules/shenxinghui",
      "FromFile": "assets/Schedules/Schedules.json"
    },
    //NPC婚后对话路径 
    {
      "LogName": "NPC MarriageDialogue",
      "Action": "Load",
      "Target": "Characters/Dialogue/MarriageDialogueshenxinghui",
      "FromFile": "assets/MarriageDialogue/MarriageDialogue.json"
    },
   
    
  ]
}